step	accuracy
0	0.5856854915618896
1	0.6285282373428345
2	0.7268145084381104
3	0.6849798560142517
4	0.7222782373428345
5	0.6819556355476379
6	0.7353830933570862
7	0.710181474685669
8	0.7222782373428345
9	0.725806474685669
