step	accuracy
0	0.6108871102333069
1	0.6451612710952759
2	0.6365927457809448
3	0.6759072542190552
4	0.6834677457809448
5	0.7242943644523621
6	0.7021169066429138
7	0.6995967626571655
8	0.7348790168762207
9	0.7494959831237793
