step	accuracy
0	0.42578125
1	0.42578125
