step	accuracy
0	0.5357862710952759
1	0.5972782373428345
