step	accuracy
0	0.42578125
1	0.42578125
2	0.42578125
3	0.42578125
4	0.42578125
5	0.42578125
6	0.42578125
7	0.43359375
8	0.44140625
9	0.42578125
