step	loss
0	0.6541056632995605
1	0.6289229989051819
2	0.635209321975708
3	0.5947601199150085
4	0.5909327268600464
5	0.5621384382247925
6	0.5737389922142029
7	0.5683257579803467
8	0.5334137082099915
9	0.5148977637290955
