step	loss
0	0.7811418175697327
1	0.8265267014503479
2	0.8691552877426147
3	0.8586357235908508
4	0.7361582517623901
5	0.7924855351448059
6	0.7922309637069702
7	0.8503174185752869
8	0.807234525680542
9	1.0685279369354248
