step	loss
0	0.6836358904838562
1	0.6693302989006042
