step	loss
0	0.7955707907676697
1	0.7907121181488037
