step	loss
0	0.692185640335083
1	0.6230407357215881
2	0.5539157390594482
3	0.5743038058280945
4	0.5457996726036072
5	0.5983409285545349
6	0.5373676419258118
7	0.5645268559455872
8	0.5371403098106384
9	0.5423832535743713
