step	accuracy
0	0.5777332186698914
1	0.6644935011863708
