step	accuracy
0	0.5803750157356262
1	0.6427500247955322
2	0.6541249752044678
3	0.671875
4	0.6838750243186951
5	0.6933749914169312
6	0.6890000104904175
7	0.6976249814033508
8	0.7074999809265137
9	0.7167500257492065
