step	accuracy
0	0.6223670840263367
1	0.6644935011863708
2	0.664995014667511
3	0.6659979820251465
4	0.6609829664230347
5	0.6639919877052307
6	0.6664994955062866
7	0.6659979820251465
8	0.6800401210784912
9	0.6629889607429504
