step	accuracy
0	0.5648750066757202
1	0.6041250228881836
