step	loss
0	0.69731205701828
1	0.6596964001655579
