step	loss
0	1.0756069421768188
1	0.6374308466911316
