step	loss
0	0.6645962595939636
1	0.6286298036575317
2	0.6202539205551147
3	0.5976088047027588
4	0.5864049196243286
5	0.5787599682807922
6	0.5834389925003052
7	0.574309229850769
8	0.5651528835296631
9	0.5566806197166443
