step	loss
0	0.7671641707420349
1	0.6367926001548767
2	0.6346335411071777
3	0.6160561442375183
4	0.6231570243835449
5	0.6127920746803284
6	0.6118714809417725
7	0.6164903044700623
8	0.6098431348800659
9	0.6100139021873474
